--
-- PostgreSQL database dump
--

-- Dumped from database version 14.5
-- Dumped by pg_dump version 14.5

SET statement_timeout = 0;
SET lock_timeout = 0;
SET idle_in_transaction_session_timeout = 0;
SET client_encoding = 'UTF8';
SET standard_conforming_strings = on;
SELECT pg_catalog.set_config('search_path', '', false);
SET check_function_bodies = false;
SET xmloption = content;
SET client_min_messages = warning;
SET row_security = off;

SET default_tablespace = '';

SET default_table_access_method = heap;

--
-- Name: auth_group; Type: TABLE; Schema: public; Owner: postgres
--

CREATE TABLE public.auth_group (
    id integer NOT NULL,
    name character varying(150) NOT NULL
);


ALTER TABLE public.auth_group OWNER TO postgres;

--
-- Name: auth_group_id_seq; Type: SEQUENCE; Schema: public; Owner: postgres
--

ALTER TABLE public.auth_group ALTER COLUMN id ADD GENERATED BY DEFAULT AS IDENTITY (
    SEQUENCE NAME public.auth_group_id_seq
    START WITH 1
    INCREMENT BY 1
    NO MINVALUE
    NO MAXVALUE
    CACHE 1
);


--
-- Name: auth_group_permissions; Type: TABLE; Schema: public; Owner: postgres
--

CREATE TABLE public.auth_group_permissions (
    id bigint NOT NULL,
    group_id integer NOT NULL,
    permission_id integer NOT NULL
);


ALTER TABLE public.auth_group_permissions OWNER TO postgres;

--
-- Name: auth_group_permissions_id_seq; Type: SEQUENCE; Schema: public; Owner: postgres
--

ALTER TABLE public.auth_group_permissions ALTER COLUMN id ADD GENERATED BY DEFAULT AS IDENTITY (
    SEQUENCE NAME public.auth_group_permissions_id_seq
    START WITH 1
    INCREMENT BY 1
    NO MINVALUE
    NO MAXVALUE
    CACHE 1
);


--
-- Name: auth_permission; Type: TABLE; Schema: public; Owner: postgres
--

CREATE TABLE public.auth_permission (
    id integer NOT NULL,
    name character varying(255) NOT NULL,
    content_type_id integer NOT NULL,
    codename character varying(100) NOT NULL
);


ALTER TABLE public.auth_permission OWNER TO postgres;

--
-- Name: auth_permission_id_seq; Type: SEQUENCE; Schema: public; Owner: postgres
--

ALTER TABLE public.auth_permission ALTER COLUMN id ADD GENERATED BY DEFAULT AS IDENTITY (
    SEQUENCE NAME public.auth_permission_id_seq
    START WITH 1
    INCREMENT BY 1
    NO MINVALUE
    NO MAXVALUE
    CACHE 1
);


--
-- Name: auth_user; Type: TABLE; Schema: public; Owner: postgres
--

CREATE TABLE public.auth_user (
    id integer NOT NULL,
    password character varying(128) NOT NULL,
    last_login timestamp with time zone,
    is_superuser boolean NOT NULL,
    username character varying(150) NOT NULL,
    first_name character varying(150) NOT NULL,
    last_name character varying(150) NOT NULL,
    email character varying(254) NOT NULL,
    is_staff boolean NOT NULL,
    is_active boolean NOT NULL,
    date_joined timestamp with time zone NOT NULL
);


ALTER TABLE public.auth_user OWNER TO postgres;

--
-- Name: auth_user_groups; Type: TABLE; Schema: public; Owner: postgres
--

CREATE TABLE public.auth_user_groups (
    id bigint NOT NULL,
    user_id integer NOT NULL,
    group_id integer NOT NULL
);


ALTER TABLE public.auth_user_groups OWNER TO postgres;

--
-- Name: auth_user_groups_id_seq; Type: SEQUENCE; Schema: public; Owner: postgres
--

ALTER TABLE public.auth_user_groups ALTER COLUMN id ADD GENERATED BY DEFAULT AS IDENTITY (
    SEQUENCE NAME public.auth_user_groups_id_seq
    START WITH 1
    INCREMENT BY 1
    NO MINVALUE
    NO MAXVALUE
    CACHE 1
);


--
-- Name: auth_user_id_seq; Type: SEQUENCE; Schema: public; Owner: postgres
--

ALTER TABLE public.auth_user ALTER COLUMN id ADD GENERATED BY DEFAULT AS IDENTITY (
    SEQUENCE NAME public.auth_user_id_seq
    START WITH 1
    INCREMENT BY 1
    NO MINVALUE
    NO MAXVALUE
    CACHE 1
);


--
-- Name: auth_user_user_permissions; Type: TABLE; Schema: public; Owner: postgres
--

CREATE TABLE public.auth_user_user_permissions (
    id bigint NOT NULL,
    user_id integer NOT NULL,
    permission_id integer NOT NULL
);


ALTER TABLE public.auth_user_user_permissions OWNER TO postgres;

--
-- Name: auth_user_user_permissions_id_seq; Type: SEQUENCE; Schema: public; Owner: postgres
--

ALTER TABLE public.auth_user_user_permissions ALTER COLUMN id ADD GENERATED BY DEFAULT AS IDENTITY (
    SEQUENCE NAME public.auth_user_user_permissions_id_seq
    START WITH 1
    INCREMENT BY 1
    NO MINVALUE
    NO MAXVALUE
    CACHE 1
);


--
-- Name: django_admin_log; Type: TABLE; Schema: public; Owner: postgres
--

CREATE TABLE public.django_admin_log (
    id integer NOT NULL,
    action_time timestamp with time zone NOT NULL,
    object_id text,
    object_repr character varying(200) NOT NULL,
    action_flag smallint NOT NULL,
    change_message text NOT NULL,
    content_type_id integer,
    user_id integer NOT NULL,
    CONSTRAINT django_admin_log_action_flag_check CHECK ((action_flag >= 0))
);


ALTER TABLE public.django_admin_log OWNER TO postgres;

--
-- Name: django_admin_log_id_seq; Type: SEQUENCE; Schema: public; Owner: postgres
--

ALTER TABLE public.django_admin_log ALTER COLUMN id ADD GENERATED BY DEFAULT AS IDENTITY (
    SEQUENCE NAME public.django_admin_log_id_seq
    START WITH 1
    INCREMENT BY 1
    NO MINVALUE
    NO MAXVALUE
    CACHE 1
);


--
-- Name: django_content_type; Type: TABLE; Schema: public; Owner: postgres
--

CREATE TABLE public.django_content_type (
    id integer NOT NULL,
    app_label character varying(100) NOT NULL,
    model character varying(100) NOT NULL
);


ALTER TABLE public.django_content_type OWNER TO postgres;

--
-- Name: django_content_type_id_seq; Type: SEQUENCE; Schema: public; Owner: postgres
--

ALTER TABLE public.django_content_type ALTER COLUMN id ADD GENERATED BY DEFAULT AS IDENTITY (
    SEQUENCE NAME public.django_content_type_id_seq
    START WITH 1
    INCREMENT BY 1
    NO MINVALUE
    NO MAXVALUE
    CACHE 1
);


--
-- Name: django_migrations; Type: TABLE; Schema: public; Owner: postgres
--

CREATE TABLE public.django_migrations (
    id bigint NOT NULL,
    app character varying(255) NOT NULL,
    name character varying(255) NOT NULL,
    applied timestamp with time zone NOT NULL
);


ALTER TABLE public.django_migrations OWNER TO postgres;

--
-- Name: django_migrations_id_seq; Type: SEQUENCE; Schema: public; Owner: postgres
--

ALTER TABLE public.django_migrations ALTER COLUMN id ADD GENERATED BY DEFAULT AS IDENTITY (
    SEQUENCE NAME public.django_migrations_id_seq
    START WITH 1
    INCREMENT BY 1
    NO MINVALUE
    NO MAXVALUE
    CACHE 1
);


--
-- Name: django_session; Type: TABLE; Schema: public; Owner: postgres
--

CREATE TABLE public.django_session (
    session_key character varying(40) NOT NULL,
    session_data text NOT NULL,
    expire_date timestamp with time zone NOT NULL
);


ALTER TABLE public.django_session OWNER TO postgres;

--
-- Name: spitz_spitz; Type: TABLE; Schema: public; Owner: postgres
--

CREATE TABLE public.spitz_spitz (
    id bigint NOT NULL,
    title character varying(255) NOT NULL,
    content text NOT NULL,
    photo character varying(100) NOT NULL,
    time_create timestamp with time zone NOT NULL,
    time_update timestamp with time zone NOT NULL,
    is_published boolean NOT NULL,
    "typeS_id" bigint
);


ALTER TABLE public.spitz_spitz OWNER TO postgres;

--
-- Name: spitz_spitz_id_seq; Type: SEQUENCE; Schema: public; Owner: postgres
--

ALTER TABLE public.spitz_spitz ALTER COLUMN id ADD GENERATED BY DEFAULT AS IDENTITY (
    SEQUENCE NAME public.spitz_spitz_id_seq
    START WITH 1
    INCREMENT BY 1
    NO MINVALUE
    NO MAXVALUE
    CACHE 1
);


--
-- Name: spitz_typesspitz; Type: TABLE; Schema: public; Owner: postgres
--

CREATE TABLE public.spitz_typesspitz (
    id bigint NOT NULL,
    title character varying(255) NOT NULL,
    content text NOT NULL,
    photo character varying(100) NOT NULL
);


ALTER TABLE public.spitz_typesspitz OWNER TO postgres;

--
-- Name: spitz_typesspitz_id_seq; Type: SEQUENCE; Schema: public; Owner: postgres
--

ALTER TABLE public.spitz_typesspitz ALTER COLUMN id ADD GENERATED BY DEFAULT AS IDENTITY (
    SEQUENCE NAME public.spitz_typesspitz_id_seq
    START WITH 1
    INCREMENT BY 1
    NO MINVALUE
    NO MAXVALUE
    CACHE 1
);


--
-- Data for Name: auth_group; Type: TABLE DATA; Schema: public; Owner: postgres
--

COPY public.auth_group (id, name) FROM stdin;
\.


--
-- Data for Name: auth_group_permissions; Type: TABLE DATA; Schema: public; Owner: postgres
--

COPY public.auth_group_permissions (id, group_id, permission_id) FROM stdin;
\.


--
-- Data for Name: auth_permission; Type: TABLE DATA; Schema: public; Owner: postgres
--

COPY public.auth_permission (id, name, content_type_id, codename) FROM stdin;
1	Can add log entry	1	add_logentry
2	Can change log entry	1	change_logentry
3	Can delete log entry	1	delete_logentry
4	Can view log entry	1	view_logentry
5	Can add permission	2	add_permission
6	Can change permission	2	change_permission
7	Can delete permission	2	delete_permission
8	Can view permission	2	view_permission
9	Can add group	3	add_group
10	Can change group	3	change_group
11	Can delete group	3	delete_group
12	Can view group	3	view_group
13	Can add user	4	add_user
14	Can change user	4	change_user
15	Can delete user	4	delete_user
16	Can view user	4	view_user
17	Can add content type	5	add_contenttype
18	Can change content type	5	change_contenttype
19	Can delete content type	5	delete_contenttype
20	Can view content type	5	view_contenttype
21	Can add session	6	add_session
22	Can change session	6	change_session
23	Can delete session	6	delete_session
24	Can view session	6	view_session
25	Can add spitz	7	add_spitz
26	Can change spitz	7	change_spitz
27	Can delete spitz	7	delete_spitz
28	Can view spitz	7	view_spitz
29	Can add types spitz	8	add_typesspitz
30	Can change types spitz	8	change_typesspitz
31	Can delete types spitz	8	delete_typesspitz
32	Can view types spitz	8	view_typesspitz
\.


--
-- Data for Name: auth_user; Type: TABLE DATA; Schema: public; Owner: postgres
--

COPY public.auth_user (id, password, last_login, is_superuser, username, first_name, last_name, email, is_staff, is_active, date_joined) FROM stdin;
\.


--
-- Data for Name: auth_user_groups; Type: TABLE DATA; Schema: public; Owner: postgres
--

COPY public.auth_user_groups (id, user_id, group_id) FROM stdin;
\.


--
-- Data for Name: auth_user_user_permissions; Type: TABLE DATA; Schema: public; Owner: postgres
--

COPY public.auth_user_user_permissions (id, user_id, permission_id) FROM stdin;
\.


--
-- Data for Name: django_admin_log; Type: TABLE DATA; Schema: public; Owner: postgres
--

COPY public.django_admin_log (id, action_time, object_id, object_repr, action_flag, change_message, content_type_id, user_id) FROM stdin;
\.


--
-- Data for Name: django_content_type; Type: TABLE DATA; Schema: public; Owner: postgres
--

COPY public.django_content_type (id, app_label, model) FROM stdin;
1	admin	logentry
2	auth	permission
3	auth	group
4	auth	user
5	contenttypes	contenttype
6	sessions	session
7	spitz	spitz
8	spitz	typesspitz
\.


--
-- Data for Name: django_migrations; Type: TABLE DATA; Schema: public; Owner: postgres
--

COPY public.django_migrations (id, app, name, applied) FROM stdin;
1	contenttypes	0001_initial	2022-12-03 21:08:21.868297+05
2	auth	0001_initial	2022-12-03 21:08:22.868559+05
3	admin	0001_initial	2022-12-03 21:08:23.071295+05
4	admin	0002_logentry_remove_auto_add	2022-12-03 21:08:23.081269+05
5	admin	0003_logentry_add_action_flag_choices	2022-12-03 21:08:23.094234+05
6	contenttypes	0002_remove_content_type_name	2022-12-03 21:08:23.16508+05
7	auth	0002_alter_permission_name_max_length	2022-12-03 21:08:23.177011+05
8	auth	0003_alter_user_email_max_length	2022-12-03 21:08:23.187018+05
9	auth	0004_alter_user_username_opts	2022-12-03 21:08:23.197956+05
10	auth	0005_alter_user_last_login_null	2022-12-03 21:08:23.210921+05
11	auth	0006_require_contenttypes_0002	2022-12-03 21:08:23.213914+05
12	auth	0007_alter_validators_add_error_messages	2022-12-03 21:08:23.226878+05
13	auth	0008_alter_user_username_max_length	2022-12-03 21:08:23.292702+05
14	auth	0009_alter_user_last_name_max_length	2022-12-03 21:08:23.303673+05
15	auth	0010_alter_group_name_max_length	2022-12-03 21:08:23.318633+05
16	auth	0011_update_proxy_permissions	2022-12-03 21:08:23.329604+05
17	auth	0012_alter_user_first_name_max_length	2022-12-03 21:08:23.339576+05
18	sessions	0001_initial	2022-12-03 21:08:23.481926+05
19	spitz	0001_initial	2022-12-03 21:10:37.856331+05
20	spitz	0002_typesspitz	2022-12-07 20:41:18.975569+05
21	spitz	0003_spitz_types	2022-12-09 19:03:20.457856+05
\.


--
-- Data for Name: django_session; Type: TABLE DATA; Schema: public; Owner: postgres
--

COPY public.django_session (session_key, session_data, expire_date) FROM stdin;
\.


--
-- Data for Name: spitz_spitz; Type: TABLE DATA; Schema: public; Owner: postgres
--

COPY public.spitz_spitz (id, title, content, photo, time_create, time_update, is_published, "typeS_id") FROM stdin;
1	Маленький Шпиц Сатоши	Описание Сатоши		2022-12-04 21:36:41.047484+05	2022-12-04 21:36:41.047484+05	t	2
2	Шпиц Юлия	Жопа		2022-12-04 22:00:01.629343+05	2022-12-04 22:04:20.266814+05	t	2
3	Антон	Красавчик		2022-12-06 15:15:25.283842+05	2022-12-06 15:15:25.283842+05	t	2
4	Denis	Progerammer		2022-12-09 13:08:24.411964+05	2022-12-09 13:08:24.411964+05	t	2
\.


--
-- Data for Name: spitz_typesspitz; Type: TABLE DATA; Schema: public; Owner: postgres
--

COPY public.spitz_typesspitz (id, title, content, photo) FROM stdin;
1	Вольфшпиц или кеесхонд	 Вольфшпиц, он же кеесхонд - самый крупный представитель семейства немецких шпицев, которое включает в себя породы миниатюрный, малый, средний и большой шпиц. К этой славной компании присоединяется и японский шпиц.Двойное название породы требует небольшого пояснения. Две соседние страны - Германия и Голландия - оспаривают право считаться страной происхождения этой замечательной породы или поделить породу на две - немецкого вольфшпица и голландского кеесхонда. Конца спору не видно, и в разных странах порода называется то так, то эдак. Кроме двух названий порода имеет два типа, немного отличающихся друг от друга внешне - «вольфшпиц» и «кеесхонд»,. Подобно немецкому и американскому типу у малых шпицев. И не везде название породы отражает её тип. В системе FCI порода называется «немецкий вольфшпиц», а разные страны ориентированы на разные типы. В России поголовье начало формироваться с 1994 из трёх привозных американских собак, которые имели в родословных название породы «кеесхонд» и имели тип кеесхонда, и нескольких вольфшпицев, привезённых из Европы. Название, согласно правилам FCI, порода получила «немецкий вольфшпиц», а вот разведение пошло по типу кеесхонда, с инбридингами на американских собак и поглощением типа вольфшпица. На данный момент в нашей стране порода имеет чёткий тип кеесхонда и политика разведения питомников и клубов ориентирована также на этот тип. 	
2	Большой шпиц (гроссшпиц)	Гроссшпиц или большой немецкий шпиц занимает второе место по росту среди пяти разновидностей. Несмотря на «громкое» название, эта собака среднего размера и высотой в холке до 50 сантиметров. Она сочетает в себе гармоничное сложение, дружелюбие, смекалку, активность, мужество и преданность. Гроссшпиц - обладатель клиновидной головы, сужающейся к круглой черной мочке носа. Такое строение черепа, а также плавно выступающий лоб и слегка округлые скулы напоминают мордочку лисы. На голове собаки находятся близко расположенные друг от друга стоячие треугольные уши. У стандартного большого шпица есть определенные пропорции. Соотношение длины морды к длине головы должно быть 2:3, а роста к длине тела - 1:1.	
3	Средний шпиц (миттельшпиц)	Средние немецкие шпицы - весёлые, жизнерадостные, активные собаки, они станут прекрасными компаньонами для всей семьи. Представители этой породы любят проводить время с детьми. Они ласковые и добродушные, легко уживаются с другими домашними животными. Благодаря небольшому размеру они идеально подойдут семьям, которые проживают в небольших квартирах. Их шерсть практически не имеет характерного собачьего запаха, что безусловно является большим преимуществом при выборе щенка. Ещё одной особенностью этих собак является их громкий лай, который безусловно, может мешать соседям, однако, при должном воспитании шпиц будет использовать его лишь для того, чтобы предупредить хозяев о приближении посторонних. Миттельшпиц - компактная собака квадратного формата. Голова у неё пропорциональна туловищу, клиновидной формы. Переход ото лба к морде плавный. Морда умеренной длины. Спинка носа небольшого размера, округлой формы. Мочка носа может быть разных цветов, в зависимости от окраса шерстяного покрова. Уши небольшие, треугольной формы, высоко поставлены, близко расположены друг к другу, с заострёнными кончиками. Глаза среднего размера, овальной формы, тёмного цвета. Шея у этих собак средней длины, слегка изогнута, шерсть вокруг неё образует пышный воротник. Спина короткая и прямая. Грудная клетка хорошо развита, умеренной ширины и длины. Хвост средней длины, загнут в кольцо над спиной, покрыт длинной шерстью. Конечности прямые, параллельны друг другу. Лапы небольшого размера, округлой формы, сомкнуты. Шерсть у шпица длинная, пушистая с коротким, плотным и мягким подшёрстком. На морде, ушах и лапах шерсть короткая и густая. Окрас может быть однотонным белого, чёрного, коричневого цветов либо зонарно-серый и чёрно-белый.	
4	Малый шпиц (кляйншпиц)	Кляйншпиц - милая пушистая декоративная собачка, беззаветно преданная и верная, станет прекрасным спутником и компаньоном для тех, кто желает обрести настоящего друга. С кляйншпицем Ваша жизнь обязательно станет удивительней и разнообразней. В трудную минуту эти собачки всегда заставят Вас улыбнуться, в счастливые дни разделят Вашу радость. С давних времён представители этой породы были компаньонами великих людей. Они скрасят одиночество любого человека, а в большой семье станут всеми любимы и почитаемы. Кляйншпицы очень любят проводить время с детьми, они с ними веселы и беззаботны. Эти собаки тонко чувствуют настроение хозяина и легко могут подстроиться под него. Кляйншпицы поистине благородные псы голубых кровей. Немецкий малый шпиц - пёсик квадратного формата, компактный, небольшого роста. Голова у него клиновидной формы с широким черепом. Переход ото лба к морде умеренно выражен. Морда короткая. Мочка носа маленького размера, круглая, чёрного либо коричневого цветов. Глаза среднего размера, овальной формы; веки чёрного либо тёмно-коричневого цвета. Уши высоко посажены, маленькие, расположены близко друг к другу, треугольной формы, с заострёнными кончиками, стоячие, подвижные. Шея средней длины; шерсть вокруг образует гриву. Спина короткая, крепкая и прямая. Грудная клетка глубокая. Живот подобран. Хвост высоко поставлен, загнутый в кольцо, плотно лежит на спине, покрыт густой и пышной шерстью. Конечности прямые, параллельны друг другу. Шерсть прямая, длинная с густым и плотным подшёрстком. На голове, ушах, передней стороне конечностей и лапах шерсть короткая. Пышная шерсть на задних конечностях от крупа до скакательного сустава. Окрас может быть белого, чёрного, коричневого, волчьего и оранжевого цветов.	
5	Померанский шпиц или миниатюрный шпиц (цвергшпиц)	Померанские шпицы - это, скорее всего, потомки ездовых собак Арктики. Вероятно, у них есть родственные связи с волчьими шпицами, норвежским элкхаундом и самоедской лайкой. Первые достоверные записи о породе появились в Померании - регионе, граничащем с Балтикой, - и относятся к XIX веку. Те собаки были гораздо крупнее современных (около 13 кг), а в приплоде рождалось по 10 щенков. В скором времени люди стали отдавать предпочтение самым маленьким особям. К середине XIX века порода распространилась в других европейских странах. В 1888 году королева Виктория влюбилась в эту породу, что способствовало росту популярности померанских шпицев. Британские селекционеры затем выводили собаку меньших размеров со все более густой шерстью. Хотя это самая маленькая из всех пород, эти собаки активные и веселые компаньоны. Их любимое занятие - проводить время дома со своими хозяевами. Часто они очень привязываются к своим хозяевам и наслаждаются домашним уютом. Они могут стать хорошими маленькими сторожевыми собаками. Однако они также нуждаются в регулярной физической активности вне дома для поддержания физической формы, здоровья и тонуса. Многие их них отлично поддаются дрессировке и, как правило, очень любят игры.	
\.


--
-- Name: auth_group_id_seq; Type: SEQUENCE SET; Schema: public; Owner: postgres
--

SELECT pg_catalog.setval('public.auth_group_id_seq', 1, false);


--
-- Name: auth_group_permissions_id_seq; Type: SEQUENCE SET; Schema: public; Owner: postgres
--

SELECT pg_catalog.setval('public.auth_group_permissions_id_seq', 1, false);


--
-- Name: auth_permission_id_seq; Type: SEQUENCE SET; Schema: public; Owner: postgres
--

SELECT pg_catalog.setval('public.auth_permission_id_seq', 32, true);


--
-- Name: auth_user_groups_id_seq; Type: SEQUENCE SET; Schema: public; Owner: postgres
--

SELECT pg_catalog.setval('public.auth_user_groups_id_seq', 1, false);


--
-- Name: auth_user_id_seq; Type: SEQUENCE SET; Schema: public; Owner: postgres
--

SELECT pg_catalog.setval('public.auth_user_id_seq', 1, false);


--
-- Name: auth_user_user_permissions_id_seq; Type: SEQUENCE SET; Schema: public; Owner: postgres
--

SELECT pg_catalog.setval('public.auth_user_user_permissions_id_seq', 1, false);


--
-- Name: django_admin_log_id_seq; Type: SEQUENCE SET; Schema: public; Owner: postgres
--

SELECT pg_catalog.setval('public.django_admin_log_id_seq', 1, false);


--
-- Name: django_content_type_id_seq; Type: SEQUENCE SET; Schema: public; Owner: postgres
--

SELECT pg_catalog.setval('public.django_content_type_id_seq', 8, true);


--
-- Name: django_migrations_id_seq; Type: SEQUENCE SET; Schema: public; Owner: postgres
--

SELECT pg_catalog.setval('public.django_migrations_id_seq', 21, true);


--
-- Name: spitz_spitz_id_seq; Type: SEQUENCE SET; Schema: public; Owner: postgres
--

SELECT pg_catalog.setval('public.spitz_spitz_id_seq', 4, true);


--
-- Name: spitz_typesspitz_id_seq; Type: SEQUENCE SET; Schema: public; Owner: postgres
--

SELECT pg_catalog.setval('public.spitz_typesspitz_id_seq', 5, true);


--
-- Name: auth_group auth_group_name_key; Type: CONSTRAINT; Schema: public; Owner: postgres
--

ALTER TABLE ONLY public.auth_group
    ADD CONSTRAINT auth_group_name_key UNIQUE (name);


--
-- Name: auth_group_permissions auth_group_permissions_group_id_permission_id_0cd325b0_uniq; Type: CONSTRAINT; Schema: public; Owner: postgres
--

ALTER TABLE ONLY public.auth_group_permissions
    ADD CONSTRAINT auth_group_permissions_group_id_permission_id_0cd325b0_uniq UNIQUE (group_id, permission_id);


--
-- Name: auth_group_permissions auth_group_permissions_pkey; Type: CONSTRAINT; Schema: public; Owner: postgres
--

ALTER TABLE ONLY public.auth_group_permissions
    ADD CONSTRAINT auth_group_permissions_pkey PRIMARY KEY (id);


--
-- Name: auth_group auth_group_pkey; Type: CONSTRAINT; Schema: public; Owner: postgres
--

ALTER TABLE ONLY public.auth_group
    ADD CONSTRAINT auth_group_pkey PRIMARY KEY (id);


--
-- Name: auth_permission auth_permission_content_type_id_codename_01ab375a_uniq; Type: CONSTRAINT; Schema: public; Owner: postgres
--

ALTER TABLE ONLY public.auth_permission
    ADD CONSTRAINT auth_permission_content_type_id_codename_01ab375a_uniq UNIQUE (content_type_id, codename);


--
-- Name: auth_permission auth_permission_pkey; Type: CONSTRAINT; Schema: public; Owner: postgres
--

ALTER TABLE ONLY public.auth_permission
    ADD CONSTRAINT auth_permission_pkey PRIMARY KEY (id);


--
-- Name: auth_user_groups auth_user_groups_pkey; Type: CONSTRAINT; Schema: public; Owner: postgres
--

ALTER TABLE ONLY public.auth_user_groups
    ADD CONSTRAINT auth_user_groups_pkey PRIMARY KEY (id);


--
-- Name: auth_user_groups auth_user_groups_user_id_group_id_94350c0c_uniq; Type: CONSTRAINT; Schema: public; Owner: postgres
--

ALTER TABLE ONLY public.auth_user_groups
    ADD CONSTRAINT auth_user_groups_user_id_group_id_94350c0c_uniq UNIQUE (user_id, group_id);


--
-- Name: auth_user auth_user_pkey; Type: CONSTRAINT; Schema: public; Owner: postgres
--

ALTER TABLE ONLY public.auth_user
    ADD CONSTRAINT auth_user_pkey PRIMARY KEY (id);


--
-- Name: auth_user_user_permissions auth_user_user_permissions_pkey; Type: CONSTRAINT; Schema: public; Owner: postgres
--

ALTER TABLE ONLY public.auth_user_user_permissions
    ADD CONSTRAINT auth_user_user_permissions_pkey PRIMARY KEY (id);


--
-- Name: auth_user_user_permissions auth_user_user_permissions_user_id_permission_id_14a6b632_uniq; Type: CONSTRAINT; Schema: public; Owner: postgres
--

ALTER TABLE ONLY public.auth_user_user_permissions
    ADD CONSTRAINT auth_user_user_permissions_user_id_permission_id_14a6b632_uniq UNIQUE (user_id, permission_id);


--
-- Name: auth_user auth_user_username_key; Type: CONSTRAINT; Schema: public; Owner: postgres
--

ALTER TABLE ONLY public.auth_user
    ADD CONSTRAINT auth_user_username_key UNIQUE (username);


--
-- Name: django_admin_log django_admin_log_pkey; Type: CONSTRAINT; Schema: public; Owner: postgres
--

ALTER TABLE ONLY public.django_admin_log
    ADD CONSTRAINT django_admin_log_pkey PRIMARY KEY (id);


--
-- Name: django_content_type django_content_type_app_label_model_76bd3d3b_uniq; Type: CONSTRAINT; Schema: public; Owner: postgres
--

ALTER TABLE ONLY public.django_content_type
    ADD CONSTRAINT django_content_type_app_label_model_76bd3d3b_uniq UNIQUE (app_label, model);


--
-- Name: django_content_type django_content_type_pkey; Type: CONSTRAINT; Schema: public; Owner: postgres
--

ALTER TABLE ONLY public.django_content_type
    ADD CONSTRAINT django_content_type_pkey PRIMARY KEY (id);


--
-- Name: django_migrations django_migrations_pkey; Type: CONSTRAINT; Schema: public; Owner: postgres
--

ALTER TABLE ONLY public.django_migrations
    ADD CONSTRAINT django_migrations_pkey PRIMARY KEY (id);


--
-- Name: django_session django_session_pkey; Type: CONSTRAINT; Schema: public; Owner: postgres
--

ALTER TABLE ONLY public.django_session
    ADD CONSTRAINT django_session_pkey PRIMARY KEY (session_key);


--
-- Name: spitz_spitz spitz_spitz_pkey; Type: CONSTRAINT; Schema: public; Owner: postgres
--

ALTER TABLE ONLY public.spitz_spitz
    ADD CONSTRAINT spitz_spitz_pkey PRIMARY KEY (id);


--
-- Name: spitz_typesspitz spitz_typesspitz_pkey; Type: CONSTRAINT; Schema: public; Owner: postgres
--

ALTER TABLE ONLY public.spitz_typesspitz
    ADD CONSTRAINT spitz_typesspitz_pkey PRIMARY KEY (id);


--
-- Name: auth_group_name_a6ea08ec_like; Type: INDEX; Schema: public; Owner: postgres
--

CREATE INDEX auth_group_name_a6ea08ec_like ON public.auth_group USING btree (name varchar_pattern_ops);


--
-- Name: auth_group_permissions_group_id_b120cbf9; Type: INDEX; Schema: public; Owner: postgres
--

CREATE INDEX auth_group_permissions_group_id_b120cbf9 ON public.auth_group_permissions USING btree (group_id);


--
-- Name: auth_group_permissions_permission_id_84c5c92e; Type: INDEX; Schema: public; Owner: postgres
--

CREATE INDEX auth_group_permissions_permission_id_84c5c92e ON public.auth_group_permissions USING btree (permission_id);


--
-- Name: auth_permission_content_type_id_2f476e4b; Type: INDEX; Schema: public; Owner: postgres
--

CREATE INDEX auth_permission_content_type_id_2f476e4b ON public.auth_permission USING btree (content_type_id);


--
-- Name: auth_user_groups_group_id_97559544; Type: INDEX; Schema: public; Owner: postgres
--

CREATE INDEX auth_user_groups_group_id_97559544 ON public.auth_user_groups USING btree (group_id);


--
-- Name: auth_user_groups_user_id_6a12ed8b; Type: INDEX; Schema: public; Owner: postgres
--

CREATE INDEX auth_user_groups_user_id_6a12ed8b ON public.auth_user_groups USING btree (user_id);


--
-- Name: auth_user_user_permissions_permission_id_1fbb5f2c; Type: INDEX; Schema: public; Owner: postgres
--

CREATE INDEX auth_user_user_permissions_permission_id_1fbb5f2c ON public.auth_user_user_permissions USING btree (permission_id);


--
-- Name: auth_user_user_permissions_user_id_a95ead1b; Type: INDEX; Schema: public; Owner: postgres
--

CREATE INDEX auth_user_user_permissions_user_id_a95ead1b ON public.auth_user_user_permissions USING btree (user_id);


--
-- Name: auth_user_username_6821ab7c_like; Type: INDEX; Schema: public; Owner: postgres
--

CREATE INDEX auth_user_username_6821ab7c_like ON public.auth_user USING btree (username varchar_pattern_ops);


--
-- Name: django_admin_log_content_type_id_c4bce8eb; Type: INDEX; Schema: public; Owner: postgres
--

CREATE INDEX django_admin_log_content_type_id_c4bce8eb ON public.django_admin_log USING btree (content_type_id);


--
-- Name: django_admin_log_user_id_c564eba6; Type: INDEX; Schema: public; Owner: postgres
--

CREATE INDEX django_admin_log_user_id_c564eba6 ON public.django_admin_log USING btree (user_id);


--
-- Name: django_session_expire_date_a5c62663; Type: INDEX; Schema: public; Owner: postgres
--

CREATE INDEX django_session_expire_date_a5c62663 ON public.django_session USING btree (expire_date);


--
-- Name: django_session_session_key_c0390e0f_like; Type: INDEX; Schema: public; Owner: postgres
--

CREATE INDEX django_session_session_key_c0390e0f_like ON public.django_session USING btree (session_key varchar_pattern_ops);


--
-- Name: spitz_spitz_typeS_id_0d53b48f; Type: INDEX; Schema: public; Owner: postgres
--

CREATE INDEX "spitz_spitz_typeS_id_0d53b48f" ON public.spitz_spitz USING btree ("typeS_id");


--
-- Name: auth_group_permissions auth_group_permissio_permission_id_84c5c92e_fk_auth_perm; Type: FK CONSTRAINT; Schema: public; Owner: postgres
--

ALTER TABLE ONLY public.auth_group_permissions
    ADD CONSTRAINT auth_group_permissio_permission_id_84c5c92e_fk_auth_perm FOREIGN KEY (permission_id) REFERENCES public.auth_permission(id) DEFERRABLE INITIALLY DEFERRED;


--
-- Name: auth_group_permissions auth_group_permissions_group_id_b120cbf9_fk_auth_group_id; Type: FK CONSTRAINT; Schema: public; Owner: postgres
--

ALTER TABLE ONLY public.auth_group_permissions
    ADD CONSTRAINT auth_group_permissions_group_id_b120cbf9_fk_auth_group_id FOREIGN KEY (group_id) REFERENCES public.auth_group(id) DEFERRABLE INITIALLY DEFERRED;


--
-- Name: auth_permission auth_permission_content_type_id_2f476e4b_fk_django_co; Type: FK CONSTRAINT; Schema: public; Owner: postgres
--

ALTER TABLE ONLY public.auth_permission
    ADD CONSTRAINT auth_permission_content_type_id_2f476e4b_fk_django_co FOREIGN KEY (content_type_id) REFERENCES public.django_content_type(id) DEFERRABLE INITIALLY DEFERRED;


--
-- Name: auth_user_groups auth_user_groups_group_id_97559544_fk_auth_group_id; Type: FK CONSTRAINT; Schema: public; Owner: postgres
--

ALTER TABLE ONLY public.auth_user_groups
    ADD CONSTRAINT auth_user_groups_group_id_97559544_fk_auth_group_id FOREIGN KEY (group_id) REFERENCES public.auth_group(id) DEFERRABLE INITIALLY DEFERRED;


--
-- Name: auth_user_groups auth_user_groups_user_id_6a12ed8b_fk_auth_user_id; Type: FK CONSTRAINT; Schema: public; Owner: postgres
--

ALTER TABLE ONLY public.auth_user_groups
    ADD CONSTRAINT auth_user_groups_user_id_6a12ed8b_fk_auth_user_id FOREIGN KEY (user_id) REFERENCES public.auth_user(id) DEFERRABLE INITIALLY DEFERRED;


--
-- Name: auth_user_user_permissions auth_user_user_permi_permission_id_1fbb5f2c_fk_auth_perm; Type: FK CONSTRAINT; Schema: public; Owner: postgres
--

ALTER TABLE ONLY public.auth_user_user_permissions
    ADD CONSTRAINT auth_user_user_permi_permission_id_1fbb5f2c_fk_auth_perm FOREIGN KEY (permission_id) REFERENCES public.auth_permission(id) DEFERRABLE INITIALLY DEFERRED;


--
-- Name: auth_user_user_permissions auth_user_user_permissions_user_id_a95ead1b_fk_auth_user_id; Type: FK CONSTRAINT; Schema: public; Owner: postgres
--

ALTER TABLE ONLY public.auth_user_user_permissions
    ADD CONSTRAINT auth_user_user_permissions_user_id_a95ead1b_fk_auth_user_id FOREIGN KEY (user_id) REFERENCES public.auth_user(id) DEFERRABLE INITIALLY DEFERRED;


--
-- Name: django_admin_log django_admin_log_content_type_id_c4bce8eb_fk_django_co; Type: FK CONSTRAINT; Schema: public; Owner: postgres
--

ALTER TABLE ONLY public.django_admin_log
    ADD CONSTRAINT django_admin_log_content_type_id_c4bce8eb_fk_django_co FOREIGN KEY (content_type_id) REFERENCES public.django_content_type(id) DEFERRABLE INITIALLY DEFERRED;


--
-- Name: django_admin_log django_admin_log_user_id_c564eba6_fk_auth_user_id; Type: FK CONSTRAINT; Schema: public; Owner: postgres
--

ALTER TABLE ONLY public.django_admin_log
    ADD CONSTRAINT django_admin_log_user_id_c564eba6_fk_auth_user_id FOREIGN KEY (user_id) REFERENCES public.auth_user(id) DEFERRABLE INITIALLY DEFERRED;


--
-- Name: spitz_spitz spitz_spitz_typeS_id_0d53b48f_fk_spitz_typesspitz_id; Type: FK CONSTRAINT; Schema: public; Owner: postgres
--

ALTER TABLE ONLY public.spitz_spitz
    ADD CONSTRAINT "spitz_spitz_typeS_id_0d53b48f_fk_spitz_typesspitz_id" FOREIGN KEY ("typeS_id") REFERENCES public.spitz_typesspitz(id) DEFERRABLE INITIALLY DEFERRED;


--
-- PostgreSQL database dump complete
--

